img_2019-08-26_22-18-10_0.jpg,0
img_2019-08-26_22-18-11_1.jpg,0
img_2019-08-26_22-18-11_2.jpg,0
img_2019-08-26_22-18-11_3.jpg,0
img_2019-08-26_22-18-11_4.jpg,0
img_2019-08-26_22-18-11_5.jpg,0
img_2019-08-26_22-18-11_6.jpg,0
img_2019-08-26_22-18-11_7.jpg,0
img_2019-08-26_22-18-11_8.jpg,0
img_2019-08-26_22-18-11_9.jpg,0
img_2019-08-26_22-18-11_10.jpg,0
img_2019-08-26_22-18-11_11.jpg,0
img_2019-08-26_22-18-11_12.jpg,0
img_2019-08-26_22-18-11_13.jpg,0
img_2019-08-26_22-18-11_14.jpg,0
img_2019-08-26_22-18-11_15.jpg,0
img_2019-08-26_22-18-11_16.jpg,0
img_2019-08-26_22-18-11_17.jpg,0
img_2019-08-26_22-18-11_18.jpg,2
img_2019-08-26_22-18-11_19.jpg,2
img_2019-08-26_22-18-11_20.jpg,2
img_2019-08-26_22-18-11_21.jpg,2
img_2019-08-26_22-18-11_22.jpg,2
img_2019-08-26_22-18-11_23.jpg,2
img_2019-08-26_22-18-11_24.jpg,2
img_2019-08-26_22-18-11_25.jpg,2
img_2019-08-26_22-18-11_26.jpg,2
img_2019-08-26_22-18-11_27.jpg,2
img_2019-08-26_22-18-11_28.jpg,2
img_2019-08-26_22-18-11_29.jpg,2
img_2019-08-26_22-18-11_30.jpg,2
img_2019-08-26_22-18-12_31.jpg,2
img_2019-08-26_22-18-12_32.jpg,2
img_2019-08-26_22-18-12_33.jpg,2
img_2019-08-26_22-18-12_34.jpg,2
img_2019-08-26_22-18-12_35.jpg,2
img_2019-08-26_22-18-12_36.jpg,2
img_2019-08-26_22-18-12_37.jpg,2
img_2019-08-26_22-18-12_38.jpg,2
img_2019-08-26_22-18-12_39.jpg,2
img_2019-08-26_22-18-12_40.jpg,2
img_2019-08-26_22-18-12_41.jpg,2
img_2019-08-26_22-18-12_42.jpg,2
img_2019-08-26_22-18-12_43.jpg,2
img_2019-08-26_22-18-12_44.jpg,2
img_2019-08-26_22-18-12_45.jpg,2
img_2019-08-26_22-18-12_46.jpg,2
img_2019-08-26_22-18-12_47.jpg,2
img_2019-08-26_22-18-12_48.jpg,2
img_2019-08-26_22-18-12_49.jpg,2
img_2019-08-26_22-18-12_50.jpg,2
img_2019-08-26_22-18-12_51.jpg,2
img_2019-08-26_22-18-12_52.jpg,2
img_2019-08-26_22-18-12_53.jpg,2
img_2019-08-26_22-18-12_54.jpg,2
img_2019-08-26_22-18-12_55.jpg,2
img_2019-08-26_22-18-12_56.jpg,2
img_2019-08-26_22-18-12_57.jpg,2
img_2019-08-26_22-18-12_58.jpg,2
img_2019-08-26_22-18-12_59.jpg,2
img_2019-08-26_22-18-12_60.jpg,2
img_2019-08-26_22-18-13_61.jpg,2
img_2019-08-26_22-18-13_62.jpg,2
img_2019-08-26_22-18-13_63.jpg,2
img_2019-08-26_22-18-13_64.jpg,2
img_2019-08-26_22-18-13_65.jpg,2
img_2019-08-26_22-18-13_66.jpg,2
img_2019-08-26_22-18-13_67.jpg,2
img_2019-08-26_22-18-13_68.jpg,2
img_2019-08-26_22-18-13_69.jpg,2
img_2019-08-26_22-18-13_70.jpg,2
img_2019-08-26_22-18-13_71.jpg,2
img_2019-08-26_22-18-13_72.jpg,2
img_2019-08-26_22-18-13_73.jpg,2
img_2019-08-26_22-18-13_74.jpg,2
img_2019-08-26_22-18-13_75.jpg,2
img_2019-08-26_22-18-13_76.jpg,2
img_2019-08-26_22-18-13_77.jpg,2
img_2019-08-26_22-18-13_78.jpg,2
img_2019-08-26_22-18-13_79.jpg,2
img_2019-08-26_22-18-13_80.jpg,2
img_2019-08-26_22-18-13_81.jpg,2
img_2019-08-26_22-18-13_82.jpg,2
img_2019-08-26_22-18-13_83.jpg,2
img_2019-08-26_22-18-13_84.jpg,2
img_2019-08-26_22-18-13_85.jpg,2
img_2019-08-26_22-18-13_86.jpg,2
img_2019-08-26_22-18-13_87.jpg,2
img_2019-08-26_22-18-13_88.jpg,2
img_2019-08-26_22-18-13_89.jpg,2
img_2019-08-26_22-18-13_90.jpg,2
img_2019-08-26_22-18-14_91.jpg,2
img_2019-08-26_22-18-14_92.jpg,2
img_2019-08-26_22-18-14_93.jpg,2
img_2019-08-26_22-18-14_94.jpg,2
img_2019-08-26_22-18-14_95.jpg,2
img_2019-08-26_22-18-14_96.jpg,2
img_2019-08-26_22-18-14_97.jpg,2
img_2019-08-26_22-18-14_98.jpg,1
img_2019-08-26_22-18-14_99.jpg,1
img_2019-08-26_22-18-14_100.jpg,1
img_2019-08-26_22-18-14_101.jpg,1
img_2019-08-26_22-18-14_102.jpg,1
img_2019-08-26_22-18-14_103.jpg,1
img_2019-08-26_22-18-14_104.jpg,1
img_2019-08-26_22-18-14_105.jpg,1
img_2019-08-26_22-18-14_106.jpg,1
img_2019-08-26_22-18-14_107.jpg,1
img_2019-08-26_22-18-14_108.jpg,1
img_2019-08-26_22-18-14_109.jpg,1
img_2019-08-26_22-18-14_110.jpg,1
img_2019-08-26_22-18-14_111.jpg,1
img_2019-08-26_22-18-14_112.jpg,1
img_2019-08-26_22-18-14_113.jpg,1
img_2019-08-26_22-18-14_114.jpg,1
img_2019-08-26_22-18-14_115.jpg,1
img_2019-08-26_22-18-14_116.jpg,1
img_2019-08-26_22-18-14_117.jpg,1
img_2019-08-26_22-18-14_118.jpg,1
img_2019-08-26_22-18-14_119.jpg,1
img_2019-08-26_22-18-14_120.jpg,2
img_2019-08-26_22-18-14_121.jpg,2
img_2019-08-26_22-18-15_122.jpg,2
img_2019-08-26_22-18-15_123.jpg,2
img_2019-08-26_22-18-15_124.jpg,2
img_2019-08-26_22-18-15_125.jpg,2
img_2019-08-26_22-18-15_126.jpg,2
img_2019-08-26_22-18-15_127.jpg,2
img_2019-08-26_22-18-15_128.jpg,2
img_2019-08-26_22-18-15_129.jpg,2
img_2019-08-26_22-18-15_130.jpg,2
img_2019-08-26_22-18-15_131.jpg,2
img_2019-08-26_22-18-15_132.jpg,2
img_2019-08-26_22-18-15_133.jpg,2
img_2019-08-26_22-18-15_134.jpg,2
img_2019-08-26_22-18-15_135.jpg,1
img_2019-08-26_22-18-15_136.jpg,1
img_2019-08-26_22-18-15_137.jpg,1
img_2019-08-26_22-18-15_138.jpg,1
img_2019-08-26_22-18-15_139.jpg,1
img_2019-08-26_22-18-15_140.jpg,1
img_2019-08-26_22-18-15_141.jpg,1
img_2019-08-26_22-18-15_142.jpg,1
img_2019-08-26_22-18-15_143.jpg,1
img_2019-08-26_22-18-15_144.jpg,1
img_2019-08-26_22-18-15_145.jpg,1
img_2019-08-26_22-18-15_146.jpg,1
img_2019-08-26_22-18-15_147.jpg,1
img_2019-08-26_22-18-15_148.jpg,1
img_2019-08-26_22-18-15_149.jpg,1
img_2019-08-26_22-18-15_150.jpg,2
img_2019-08-26_22-18-15_151.jpg,2
img_2019-08-26_22-18-16_152.jpg,2
img_2019-08-26_22-18-16_153.jpg,2
img_2019-08-26_22-18-16_154.jpg,2
img_2019-08-26_22-18-16_155.jpg,2
img_2019-08-26_22-18-16_156.jpg,2
img_2019-08-26_22-18-16_157.jpg,2
img_2019-08-26_22-18-16_158.jpg,2
img_2019-08-26_22-18-16_159.jpg,2
img_2019-08-26_22-18-16_160.jpg,2
img_2019-08-26_22-18-16_161.jpg,2
img_2019-08-26_22-18-16_162.jpg,2
img_2019-08-26_22-18-16_163.jpg,2
img_2019-08-26_22-18-16_164.jpg,1
img_2019-08-26_22-18-16_165.jpg,1
img_2019-08-26_22-18-16_166.jpg,1
img_2019-08-26_22-18-16_167.jpg,1
img_2019-08-26_22-18-16_168.jpg,1
img_2019-08-26_22-18-16_169.jpg,1
img_2019-08-26_22-18-16_170.jpg,1
img_2019-08-26_22-18-16_171.jpg,1
img_2019-08-26_22-18-16_172.jpg,1
img_2019-08-26_22-18-16_173.jpg,1
img_2019-08-26_22-18-16_174.jpg,1
img_2019-08-26_22-18-16_175.jpg,1
img_2019-08-26_22-18-16_176.jpg,1
img_2019-08-26_22-18-16_177.jpg,1
img_2019-08-26_22-18-16_178.jpg,1
img_2019-08-26_22-18-16_179.jpg,1
img_2019-08-26_22-18-16_180.jpg,1
img_2019-08-26_22-18-16_181.jpg,1
img_2019-08-26_22-18-17_182.jpg,1
img_2019-08-26_22-18-17_183.jpg,1
img_2019-08-26_22-18-17_184.jpg,1
img_2019-08-26_22-18-17_185.jpg,1
img_2019-08-26_22-18-17_186.jpg,1
img_2019-08-26_22-18-17_187.jpg,1
img_2019-08-26_22-18-17_188.jpg,1
img_2019-08-26_22-18-17_189.jpg,1
img_2019-08-26_22-18-17_190.jpg,1
img_2019-08-26_22-18-17_191.jpg,2
img_2019-08-26_22-18-17_192.jpg,2
img_2019-08-26_22-18-17_193.jpg,2
img_2019-08-26_22-18-17_194.jpg,2
img_2019-08-26_22-18-17_195.jpg,2
img_2019-08-26_22-18-17_196.jpg,2
img_2019-08-26_22-18-17_197.jpg,2
img_2019-08-26_22-18-17_198.jpg,2
img_2019-08-26_22-18-17_199.jpg,2
img_2019-08-26_22-18-17_200.jpg,2
img_2019-08-26_22-18-17_201.jpg,2
img_2019-08-26_22-18-17_202.jpg,2
img_2019-08-26_22-18-17_203.jpg,1
img_2019-08-26_22-18-17_204.jpg,1
img_2019-08-26_22-18-17_205.jpg,1
img_2019-08-26_22-18-17_206.jpg,1
img_2019-08-26_22-18-17_207.jpg,1
img_2019-08-26_22-18-17_208.jpg,1
img_2019-08-26_22-18-17_209.jpg,1
img_2019-08-26_22-18-17_210.jpg,1
img_2019-08-26_22-18-17_211.jpg,1
img_2019-08-26_22-18-17_212.jpg,1
img_2019-08-26_22-18-18_213.jpg,1
img_2019-08-26_22-18-18_214.jpg,1
img_2019-08-26_22-18-18_215.jpg,2
img_2019-08-26_22-18-18_216.jpg,2
img_2019-08-26_22-18-18_217.jpg,2
img_2019-08-26_22-18-18_218.jpg,2
img_2019-08-26_22-18-18_219.jpg,2
img_2019-08-26_22-18-18_220.jpg,2
img_2019-08-26_22-18-18_221.jpg,2
img_2019-08-26_22-18-18_222.jpg,2
img_2019-08-26_22-18-18_223.jpg,2
img_2019-08-26_22-18-18_224.jpg,2
img_2019-08-26_22-18-18_225.jpg,2
img_2019-08-26_22-18-18_226.jpg,2
img_2019-08-26_22-18-18_227.jpg,2
img_2019-08-26_22-18-18_228.jpg,2
img_2019-08-26_22-18-18_229.jpg,2
img_2019-08-26_22-18-18_230.jpg,2
img_2019-08-26_22-18-18_231.jpg,2
img_2019-08-26_22-18-18_232.jpg,2
img_2019-08-26_22-18-18_233.jpg,2
img_2019-08-26_22-18-18_234.jpg,2
img_2019-08-26_22-18-18_235.jpg,2
img_2019-08-26_22-18-18_236.jpg,2
img_2019-08-26_22-18-18_237.jpg,2
img_2019-08-26_22-18-18_238.jpg,2
img_2019-08-26_22-18-18_239.jpg,2
img_2019-08-26_22-18-18_240.jpg,2
img_2019-08-26_22-18-18_241.jpg,2
img_2019-08-26_22-18-18_242.jpg,2
img_2019-08-26_22-18-19_243.jpg,2
img_2019-08-26_22-18-19_244.jpg,2
img_2019-08-26_22-18-19_245.jpg,2
img_2019-08-26_22-18-19_246.jpg,2
img_2019-08-26_22-18-19_247.jpg,2
img_2019-08-26_22-18-19_248.jpg,2
img_2019-08-26_22-18-19_249.jpg,2
img_2019-08-26_22-18-19_250.jpg,2
img_2019-08-26_22-18-19_251.jpg,2
img_2019-08-26_22-18-19_252.jpg,2
img_2019-08-26_22-18-19_253.jpg,2
img_2019-08-26_22-18-19_254.jpg,2
img_2019-08-26_22-18-19_255.jpg,2
img_2019-08-26_22-18-19_256.jpg,2
img_2019-08-26_22-18-19_257.jpg,2
img_2019-08-26_22-18-19_258.jpg,2
img_2019-08-26_22-18-19_259.jpg,2
img_2019-08-26_22-18-19_260.jpg,2
img_2019-08-26_22-18-19_261.jpg,2
img_2019-08-26_22-18-19_262.jpg,2
img_2019-08-26_22-18-19_263.jpg,2
img_2019-08-26_22-18-19_264.jpg,2
img_2019-08-26_22-18-19_265.jpg,2
img_2019-08-26_22-18-19_266.jpg,2
img_2019-08-26_22-18-19_267.jpg,2
img_2019-08-26_22-18-19_268.jpg,2
img_2019-08-26_22-18-19_269.jpg,2
img_2019-08-26_22-18-19_270.jpg,2
img_2019-08-26_22-18-19_271.jpg,2
img_2019-08-26_22-18-19_272.jpg,2
img_2019-08-26_22-18-20_273.jpg,2
img_2019-08-26_22-18-20_274.jpg,2
img_2019-08-26_22-18-20_275.jpg,2
img_2019-08-26_22-18-20_276.jpg,2
img_2019-08-26_22-18-20_277.jpg,2
img_2019-08-26_22-18-20_278.jpg,2
img_2019-08-26_22-18-20_279.jpg,2
img_2019-08-26_22-18-20_280.jpg,2
img_2019-08-26_22-18-20_281.jpg,2
img_2019-08-26_22-18-20_282.jpg,2
img_2019-08-26_22-18-20_283.jpg,2
img_2019-08-26_22-18-20_284.jpg,2
img_2019-08-26_22-18-20_285.jpg,2
img_2019-08-26_22-18-20_286.jpg,2
img_2019-08-26_22-18-20_287.jpg,2
img_2019-08-26_22-18-20_288.jpg,2
img_2019-08-26_22-18-20_289.jpg,2
img_2019-08-26_22-18-20_290.jpg,2
img_2019-08-26_22-18-20_291.jpg,2
img_2019-08-26_22-18-20_292.jpg,2
img_2019-08-26_22-18-20_293.jpg,2
img_2019-08-26_22-18-20_294.jpg,2
img_2019-08-26_22-18-20_295.jpg,2
img_2019-08-26_22-18-20_296.jpg,2
img_2019-08-26_22-18-20_297.jpg,2
img_2019-08-26_22-18-20_298.jpg,2
img_2019-08-26_22-18-20_299.jpg,2
img_2019-08-26_22-18-20_300.jpg,2
img_2019-08-26_22-18-20_301.jpg,2
img_2019-08-26_22-18-20_302.jpg,2
img_2019-08-26_22-18-20_303.jpg,2
img_2019-08-26_22-18-21_304.jpg,2
img_2019-08-26_22-18-21_305.jpg,2
img_2019-08-26_22-18-21_306.jpg,2
img_2019-08-26_22-18-21_307.jpg,2
img_2019-08-26_22-18-21_308.jpg,2
img_2019-08-26_22-18-21_309.jpg,2
img_2019-08-26_22-18-21_310.jpg,2
img_2019-08-26_22-18-21_311.jpg,2
img_2019-08-26_22-18-21_312.jpg,2
img_2019-08-26_22-18-21_313.jpg,2
img_2019-08-26_22-18-21_314.jpg,2
img_2019-08-26_22-18-21_315.jpg,1
img_2019-08-26_22-18-21_316.jpg,1
img_2019-08-26_22-18-21_317.jpg,1
img_2019-08-26_22-18-21_318.jpg,1
img_2019-08-26_22-18-21_319.jpg,1
img_2019-08-26_22-18-21_320.jpg,1
img_2019-08-26_22-18-21_321.jpg,1
img_2019-08-26_22-18-21_322.jpg,1
img_2019-08-26_22-18-21_323.jpg,2
img_2019-08-26_22-18-21_324.jpg,2
img_2019-08-26_22-18-21_325.jpg,2
img_2019-08-26_22-18-21_326.jpg,2
img_2019-08-26_22-18-21_327.jpg,2
img_2019-08-26_22-18-21_328.jpg,2
img_2019-08-26_22-18-21_329.jpg,2
img_2019-08-26_22-18-21_330.jpg,2
img_2019-08-26_22-18-21_331.jpg,2
img_2019-08-26_22-18-21_332.jpg,2
img_2019-08-26_22-18-21_333.jpg,2
img_2019-08-26_22-18-22_334.jpg,2
img_2019-08-26_22-18-22_335.jpg,2
img_2019-08-26_22-18-22_336.jpg,2
img_2019-08-26_22-18-22_337.jpg,2
img_2019-08-26_22-18-22_338.jpg,2
img_2019-08-26_22-18-22_339.jpg,2
img_2019-08-26_22-18-22_340.jpg,2
img_2019-08-26_22-18-22_341.jpg,2
img_2019-08-26_22-18-22_342.jpg,2
img_2019-08-26_22-18-22_343.jpg,2
img_2019-08-26_22-18-22_344.jpg,2
img_2019-08-26_22-18-22_345.jpg,1
img_2019-08-26_22-18-22_346.jpg,1
img_2019-08-26_22-18-22_347.jpg,1
img_2019-08-26_22-18-22_348.jpg,1
img_2019-08-26_22-18-22_349.jpg,1
img_2019-08-26_22-18-22_350.jpg,1
img_2019-08-26_22-18-22_351.jpg,1
img_2019-08-26_22-18-22_352.jpg,1
img_2019-08-26_22-18-22_353.jpg,2
img_2019-08-26_22-18-22_354.jpg,2
img_2019-08-26_22-18-22_355.jpg,2
img_2019-08-26_22-18-22_356.jpg,2
img_2019-08-26_22-18-22_357.jpg,2
img_2019-08-26_22-18-22_358.jpg,2
img_2019-08-26_22-18-22_359.jpg,2
img_2019-08-26_22-18-22_360.jpg,2
img_2019-08-26_22-18-22_361.jpg,2
img_2019-08-26_22-18-22_362.jpg,2
img_2019-08-26_22-18-22_363.jpg,2
img_2019-08-26_22-18-23_364.jpg,2
img_2019-08-26_22-18-23_365.jpg,2
img_2019-08-26_22-18-23_366.jpg,2
img_2019-08-26_22-18-23_367.jpg,2
img_2019-08-26_22-18-23_368.jpg,2
img_2019-08-26_22-18-23_369.jpg,1
img_2019-08-26_22-18-23_370.jpg,1
img_2019-08-26_22-18-23_371.jpg,1
img_2019-08-26_22-18-23_372.jpg,1
img_2019-08-26_22-18-23_373.jpg,1
img_2019-08-26_22-18-23_374.jpg,1
img_2019-08-26_22-18-23_375.jpg,1
img_2019-08-26_22-18-23_376.jpg,1
img_2019-08-26_22-18-23_377.jpg,1
img_2019-08-26_22-18-23_378.jpg,1
img_2019-08-26_22-18-23_379.jpg,1
img_2019-08-26_22-18-23_380.jpg,1
img_2019-08-26_22-18-23_381.jpg,1
img_2019-08-26_22-18-23_382.jpg,1
img_2019-08-26_22-18-23_383.jpg,1
img_2019-08-26_22-18-23_384.jpg,1
img_2019-08-26_22-18-23_385.jpg,1
img_2019-08-26_22-18-23_386.jpg,1
img_2019-08-26_22-18-23_387.jpg,1
img_2019-08-26_22-18-23_388.jpg,1
img_2019-08-26_22-18-23_389.jpg,1
img_2019-08-26_22-18-23_390.jpg,1
img_2019-08-26_22-18-23_391.jpg,1
img_2019-08-26_22-18-23_392.jpg,1
img_2019-08-26_22-18-23_393.jpg,1
img_2019-08-26_22-18-24_394.jpg,1
img_2019-08-26_22-18-24_395.jpg,1
img_2019-08-26_22-18-24_396.jpg,1
img_2019-08-26_22-18-24_397.jpg,1
img_2019-08-26_22-18-24_398.jpg,1
img_2019-08-26_22-18-24_399.jpg,1
img_2019-08-26_22-18-24_400.jpg,1
img_2019-08-26_22-18-24_401.jpg,1
img_2019-08-26_22-18-24_402.jpg,1
img_2019-08-26_22-18-24_403.jpg,1
img_2019-08-26_22-18-24_404.jpg,1
img_2019-08-26_22-18-24_405.jpg,1
img_2019-08-26_22-18-24_406.jpg,2
img_2019-08-26_22-18-24_407.jpg,2
img_2019-08-26_22-18-24_408.jpg,2
img_2019-08-26_22-18-24_409.jpg,2
img_2019-08-26_22-18-24_410.jpg,2
img_2019-08-26_22-18-24_411.jpg,2
img_2019-08-26_22-18-24_412.jpg,2
img_2019-08-26_22-18-24_413.jpg,2
img_2019-08-26_22-18-24_414.jpg,2
img_2019-08-26_22-18-24_415.jpg,2
img_2019-08-26_22-18-24_416.jpg,1
img_2019-08-26_22-18-24_417.jpg,1
img_2019-08-26_22-18-24_418.jpg,1
img_2019-08-26_22-18-24_419.jpg,1
img_2019-08-26_22-18-24_420.jpg,1
img_2019-08-26_22-18-24_421.jpg,1
img_2019-08-26_22-18-24_422.jpg,1
img_2019-08-26_22-18-24_423.jpg,1
img_2019-08-26_22-18-25_424.jpg,1
img_2019-08-26_22-18-25_425.jpg,1
img_2019-08-26_22-18-25_426.jpg,1
img_2019-08-26_22-18-25_427.jpg,1
img_2019-08-26_22-18-25_428.jpg,1
img_2019-08-26_22-18-25_429.jpg,1
img_2019-08-26_22-18-25_430.jpg,1
img_2019-08-26_22-18-25_431.jpg,1
img_2019-08-26_22-18-25_432.jpg,1
img_2019-08-26_22-18-25_433.jpg,1
img_2019-08-26_22-18-25_434.jpg,1
img_2019-08-26_22-18-25_435.jpg,1
img_2019-08-26_22-18-25_436.jpg,1
img_2019-08-26_22-18-25_437.jpg,1
img_2019-08-26_22-18-25_438.jpg,1
img_2019-08-26_22-18-25_439.jpg,1
img_2019-08-26_22-18-25_440.jpg,1
img_2019-08-26_22-18-25_441.jpg,1
img_2019-08-26_22-18-25_442.jpg,1
img_2019-08-26_22-18-25_443.jpg,1
img_2019-08-26_22-18-25_444.jpg,1
img_2019-08-26_22-18-25_445.jpg,1
img_2019-08-26_22-18-25_446.jpg,1
img_2019-08-26_22-18-25_447.jpg,2
img_2019-08-26_22-18-25_448.jpg,2
img_2019-08-26_22-18-25_449.jpg,2
img_2019-08-26_22-18-25_450.jpg,2
img_2019-08-26_22-18-25_451.jpg,2
img_2019-08-26_22-18-25_452.jpg,2
img_2019-08-26_22-18-25_453.jpg,2
img_2019-08-26_22-18-25_454.jpg,2
img_2019-08-26_22-18-26_455.jpg,2
img_2019-08-26_22-18-26_456.jpg,2
img_2019-08-26_22-18-26_457.jpg,1
img_2019-08-26_22-18-26_458.jpg,1
img_2019-08-26_22-18-26_459.jpg,1
img_2019-08-26_22-18-26_460.jpg,1
img_2019-08-26_22-18-26_461.jpg,1
img_2019-08-26_22-18-26_462.jpg,1
img_2019-08-26_22-18-26_463.jpg,1
img_2019-08-26_22-18-26_464.jpg,1
img_2019-08-26_22-18-26_465.jpg,1
img_2019-08-26_22-18-26_466.jpg,1
img_2019-08-26_22-18-26_467.jpg,1
img_2019-08-26_22-18-26_468.jpg,1
img_2019-08-26_22-18-26_469.jpg,1
img_2019-08-26_22-18-26_470.jpg,1
img_2019-08-26_22-18-26_471.jpg,1
img_2019-08-26_22-18-26_472.jpg,1
img_2019-08-26_22-18-26_473.jpg,1
img_2019-08-26_22-18-26_474.jpg,1
img_2019-08-26_22-18-26_475.jpg,2
img_2019-08-26_22-18-26_476.jpg,2
img_2019-08-26_22-18-26_477.jpg,2
img_2019-08-26_22-18-26_478.jpg,2
img_2019-08-26_22-18-26_479.jpg,2
img_2019-08-26_22-18-26_480.jpg,2
img_2019-08-26_22-18-26_481.jpg,2
img_2019-08-26_22-18-26_482.jpg,2
img_2019-08-26_22-18-26_483.jpg,2
img_2019-08-26_22-18-26_484.jpg,2
img_2019-08-26_22-18-27_485.jpg,2
img_2019-08-26_22-18-27_486.jpg,2
img_2019-08-26_22-18-27_487.jpg,2
img_2019-08-26_22-18-27_488.jpg,2
img_2019-08-26_22-18-27_489.jpg,2
img_2019-08-26_22-18-27_490.jpg,2
img_2019-08-26_22-18-27_491.jpg,2
img_2019-08-26_22-18-27_492.jpg,2
img_2019-08-26_22-18-27_493.jpg,2
img_2019-08-26_22-18-27_494.jpg,2
img_2019-08-26_22-18-27_495.jpg,2
img_2019-08-26_22-18-27_496.jpg,2
img_2019-08-26_22-18-27_497.jpg,2
img_2019-08-26_22-18-27_498.jpg,2
img_2019-08-26_22-18-27_499.jpg,2
img_2019-08-26_22-18-27_500.jpg,2
img_2019-08-26_22-18-27_501.jpg,2
img_2019-08-26_22-18-27_502.jpg,2
img_2019-08-26_22-18-27_503.jpg,2
img_2019-08-26_22-18-27_504.jpg,2
img_2019-08-26_22-18-27_505.jpg,2
img_2019-08-26_22-18-27_506.jpg,2
img_2019-08-26_22-18-39_0.jpg,2
img_2019-08-26_22-18-39_1.jpg,2
img_2019-08-26_22-18-39_2.jpg,2
img_2019-08-26_22-18-39_3.jpg,2
img_2019-08-26_22-18-39_4.jpg,2
img_2019-08-26_22-18-39_5.jpg,2
img_2019-08-26_22-18-39_6.jpg,2
img_2019-08-26_22-18-39_7.jpg,2
img_2019-08-26_22-18-39_8.jpg,2
img_2019-08-26_22-18-39_9.jpg,2
img_2019-08-26_22-18-39_10.jpg,2
img_2019-08-26_22-18-39_11.jpg,2
img_2019-08-26_22-18-39_12.jpg,2
img_2019-08-26_22-18-39_13.jpg,2
img_2019-08-26_22-18-40_14.jpg,2
img_2019-08-26_22-18-40_15.jpg,2
img_2019-08-26_22-18-40_16.jpg,2
img_2019-08-26_22-18-40_17.jpg,2
img_2019-08-26_22-18-40_18.jpg,2
img_2019-08-26_22-18-40_19.jpg,2
img_2019-08-26_22-18-40_20.jpg,2
img_2019-08-26_22-18-40_21.jpg,2
img_2019-08-26_22-18-40_22.jpg,2
img_2019-08-26_22-18-40_23.jpg,2
img_2019-08-26_22-18-40_24.jpg,2
img_2019-08-26_22-18-40_25.jpg,2
img_2019-08-26_22-18-40_26.jpg,2
img_2019-08-26_22-18-40_27.jpg,2
img_2019-08-26_22-18-40_28.jpg,2
img_2019-08-26_22-18-40_29.jpg,2
img_2019-08-26_22-18-40_30.jpg,2
img_2019-08-26_22-18-40_31.jpg,2
img_2019-08-26_22-18-40_32.jpg,2
img_2019-08-26_22-18-40_33.jpg,2
img_2019-08-26_22-18-40_34.jpg,2
img_2019-08-26_22-18-40_35.jpg,2
img_2019-08-26_22-18-40_36.jpg,2
img_2019-08-26_22-18-40_37.jpg,2
img_2019-08-26_22-18-40_38.jpg,2
img_2019-08-26_22-18-40_39.jpg,2
img_2019-08-26_22-18-40_40.jpg,2
img_2019-08-26_22-18-40_41.jpg,2
img_2019-08-26_22-18-40_42.jpg,2
img_2019-08-26_22-18-40_43.jpg,2
img_2019-08-26_22-18-40_44.jpg,2
img_2019-08-26_22-18-41_45.jpg,2
img_2019-08-26_22-18-41_46.jpg,2
img_2019-08-26_22-18-41_47.jpg,2
img_2019-08-26_22-18-41_48.jpg,2
img_2019-08-26_22-18-41_49.jpg,2
img_2019-08-26_22-18-41_50.jpg,2
img_2019-08-26_22-18-41_51.jpg,2
img_2019-08-26_22-18-41_52.jpg,2
img_2019-08-26_22-18-41_53.jpg,2
img_2019-08-26_22-18-41_54.jpg,2
img_2019-08-26_22-18-41_55.jpg,2
img_2019-08-26_22-18-41_56.jpg,2
img_2019-08-26_22-18-41_57.jpg,2
img_2019-08-26_22-18-41_58.jpg,2
img_2019-08-26_22-18-41_59.jpg,2
img_2019-08-26_22-18-41_60.jpg,2
img_2019-08-26_22-18-41_61.jpg,2
img_2019-08-26_22-18-41_62.jpg,2
img_2019-08-26_22-18-41_63.jpg,2
img_2019-08-26_22-18-41_64.jpg,3
img_2019-08-26_22-18-41_65.jpg,3
img_2019-08-26_22-18-41_66.jpg,3
img_2019-08-26_22-18-41_67.jpg,3
img_2019-08-26_22-18-41_68.jpg,3
img_2019-08-26_22-18-41_69.jpg,3
img_2019-08-26_22-18-41_70.jpg,3
img_2019-08-26_22-18-41_71.jpg,3
img_2019-08-26_22-18-41_72.jpg,3
img_2019-08-26_22-18-41_73.jpg,3
img_2019-08-26_22-18-41_74.jpg,3
img_2019-08-26_22-18-42_75.jpg,3
img_2019-08-26_22-18-42_76.jpg,3
img_2019-08-26_22-18-42_77.jpg,3
img_2019-08-26_22-18-42_78.jpg,3
img_2019-08-26_22-18-42_79.jpg,3
img_2019-08-26_22-18-42_80.jpg,3
img_2019-08-26_22-18-42_81.jpg,3
img_2019-08-26_22-18-42_82.jpg,3
img_2019-08-26_22-18-42_83.jpg,3
img_2019-08-26_22-18-42_84.jpg,3
img_2019-08-26_22-18-42_85.jpg,3
img_2019-08-26_22-18-42_86.jpg,3
img_2019-08-26_22-18-42_87.jpg,3
img_2019-08-26_22-18-42_88.jpg,3
img_2019-08-26_22-18-42_89.jpg,3
img_2019-08-26_22-18-42_90.jpg,3
img_2019-08-26_22-18-42_91.jpg,3
img_2019-08-26_22-18-42_92.jpg,3
img_2019-08-26_22-18-42_93.jpg,3
img_2019-08-26_22-18-42_94.jpg,3
img_2019-08-26_22-18-42_95.jpg,3
img_2019-08-26_22-18-42_96.jpg,3
img_2019-08-26_22-18-42_97.jpg,3
img_2019-08-26_22-18-42_98.jpg,3
img_2019-08-26_22-18-42_99.jpg,3
img_2019-08-26_22-18-42_100.jpg,3
img_2019-08-26_22-18-42_101.jpg,3
img_2019-08-26_22-18-42_102.jpg,3
img_2019-08-26_22-18-42_103.jpg,3
img_2019-08-26_22-18-42_104.jpg,3
img_2019-08-26_22-18-43_105.jpg,3
img_2019-08-26_22-18-43_106.jpg,3
img_2019-08-26_22-18-43_107.jpg,3
img_2019-08-26_22-18-43_108.jpg,3
img_2019-08-26_22-18-43_109.jpg,3
img_2019-08-26_22-18-43_110.jpg,3
img_2019-08-26_22-18-43_111.jpg,3
img_2019-08-26_22-18-43_112.jpg,3
img_2019-08-26_22-18-43_113.jpg,3
img_2019-08-26_22-18-43_114.jpg,3
img_2019-08-26_22-18-43_115.jpg,3
img_2019-08-26_22-18-43_116.jpg,3
img_2019-08-26_22-18-43_117.jpg,3
img_2019-08-26_22-18-43_118.jpg,3
img_2019-08-26_22-18-43_119.jpg,3
img_2019-08-26_22-18-43_120.jpg,3
img_2019-08-26_22-18-43_121.jpg,3
img_2019-08-26_22-18-43_122.jpg,3
img_2019-08-26_22-18-43_123.jpg,2
img_2019-08-26_22-18-43_124.jpg,2
img_2019-08-26_22-18-43_125.jpg,2
img_2019-08-26_22-18-43_126.jpg,2
img_2019-08-26_22-18-43_127.jpg,2
img_2019-08-26_22-18-43_128.jpg,2
img_2019-08-26_22-18-43_129.jpg,2
img_2019-08-26_22-18-43_130.jpg,2
img_2019-08-26_22-18-43_131.jpg,2
img_2019-08-26_22-18-43_132.jpg,2
img_2019-08-26_22-18-43_133.jpg,2
img_2019-08-26_22-18-43_134.jpg,2
img_2019-08-26_22-18-43_135.jpg,2
img_2019-08-26_22-18-44_136.jpg,2
img_2019-08-26_22-18-44_137.jpg,2
img_2019-08-26_22-18-44_138.jpg,2
img_2019-08-26_22-18-44_139.jpg,2
img_2019-08-26_22-18-44_140.jpg,3
img_2019-08-26_22-18-44_141.jpg,3
img_2019-08-26_22-18-44_142.jpg,3
img_2019-08-26_22-18-44_143.jpg,3
img_2019-08-26_22-18-44_144.jpg,3
img_2019-08-26_22-18-44_145.jpg,3
img_2019-08-26_22-18-44_146.jpg,3
img_2019-08-26_22-18-44_147.jpg,3
img_2019-08-26_22-18-44_148.jpg,3
img_2019-08-26_22-18-44_149.jpg,3
img_2019-08-26_22-18-44_150.jpg,3
img_2019-08-26_22-18-44_151.jpg,3
img_2019-08-26_22-18-44_152.jpg,3
img_2019-08-26_22-18-44_153.jpg,3
img_2019-08-26_22-18-44_154.jpg,3
img_2019-08-26_22-18-44_155.jpg,3
img_2019-08-26_22-18-44_156.jpg,3
img_2019-08-26_22-18-44_157.jpg,3
img_2019-08-26_22-18-44_158.jpg,3
img_2019-08-26_22-18-44_159.jpg,3
img_2019-08-26_22-18-44_160.jpg,3
img_2019-08-26_22-18-44_161.jpg,3
img_2019-08-26_22-18-44_162.jpg,3
img_2019-08-26_22-18-44_163.jpg,3
img_2019-08-26_22-18-44_164.jpg,3
img_2019-08-26_22-18-44_165.jpg,3
img_2019-08-26_22-18-45_166.jpg,3
img_2019-08-26_22-18-45_167.jpg,3
img_2019-08-26_22-18-45_168.jpg,3
img_2019-08-26_22-18-45_169.jpg,3
img_2019-08-26_22-18-45_170.jpg,3
img_2019-08-26_22-18-45_171.jpg,3
img_2019-08-26_22-18-45_172.jpg,3
img_2019-08-26_22-18-45_173.jpg,3
img_2019-08-26_22-18-45_174.jpg,3
img_2019-08-26_22-18-45_175.jpg,3
img_2019-08-26_22-18-45_176.jpg,3
img_2019-08-26_22-18-45_177.jpg,3
img_2019-08-26_22-18-45_178.jpg,3
img_2019-08-26_22-18-45_179.jpg,3
img_2019-08-26_22-18-45_180.jpg,3
img_2019-08-26_22-18-45_181.jpg,3
img_2019-08-26_22-18-45_182.jpg,3
img_2019-08-26_22-18-45_183.jpg,3
img_2019-08-26_22-18-45_184.jpg,3
img_2019-08-26_22-18-45_185.jpg,3
img_2019-08-26_22-18-45_186.jpg,3
img_2019-08-26_22-18-45_187.jpg,3
img_2019-08-26_22-18-45_188.jpg,3
img_2019-08-26_22-18-45_189.jpg,3
img_2019-08-26_22-18-45_190.jpg,3
img_2019-08-26_22-18-45_191.jpg,3
img_2019-08-26_22-18-45_192.jpg,3
img_2019-08-26_22-18-45_193.jpg,3
img_2019-08-26_22-18-45_194.jpg,3
img_2019-08-26_22-18-45_195.jpg,3
img_2019-08-26_22-18-46_196.jpg,3
img_2019-08-26_22-18-46_197.jpg,3
img_2019-08-26_22-18-46_198.jpg,3
img_2019-08-26_22-18-46_199.jpg,3
img_2019-08-26_22-18-46_200.jpg,3
img_2019-08-26_22-18-46_201.jpg,3
img_2019-08-26_22-18-46_202.jpg,3
img_2019-08-26_22-18-46_203.jpg,2
img_2019-08-26_22-18-46_204.jpg,2
img_2019-08-26_22-18-46_205.jpg,2
img_2019-08-26_22-18-46_206.jpg,2
img_2019-08-26_22-18-46_207.jpg,2
img_2019-08-26_22-18-46_208.jpg,2
img_2019-08-26_22-18-46_209.jpg,2
img_2019-08-26_22-18-46_210.jpg,2
img_2019-08-26_22-18-46_211.jpg,2
img_2019-08-26_22-18-46_212.jpg,2
img_2019-08-26_22-18-46_213.jpg,2
img_2019-08-26_22-18-46_214.jpg,2
img_2019-08-26_22-18-46_215.jpg,2
img_2019-08-26_22-18-46_216.jpg,2
img_2019-08-26_22-18-46_217.jpg,3
img_2019-08-26_22-18-46_218.jpg,3
img_2019-08-26_22-18-46_219.jpg,3
img_2019-08-26_22-18-46_220.jpg,3
img_2019-08-26_22-18-46_221.jpg,3
img_2019-08-26_22-18-46_222.jpg,3
img_2019-08-26_22-18-46_223.jpg,3
img_2019-08-26_22-18-46_224.jpg,3
img_2019-08-26_22-18-46_225.jpg,3
img_2019-08-26_22-18-46_226.jpg,3
img_2019-08-26_22-18-47_227.jpg,3
img_2019-08-26_22-18-47_228.jpg,3
img_2019-08-26_22-18-47_229.jpg,2
img_2019-08-26_22-18-47_230.jpg,2
img_2019-08-26_22-18-47_231.jpg,2
img_2019-08-26_22-18-47_232.jpg,2
img_2019-08-26_22-18-47_233.jpg,2
img_2019-08-26_22-18-47_234.jpg,2
img_2019-08-26_22-18-47_235.jpg,2
img_2019-08-26_22-18-47_236.jpg,2
img_2019-08-26_22-18-47_237.jpg,2
img_2019-08-26_22-18-47_238.jpg,2
img_2019-08-26_22-18-47_239.jpg,2
img_2019-08-26_22-18-47_240.jpg,2
img_2019-08-26_22-18-47_241.jpg,2
img_2019-08-26_22-18-47_242.jpg,2
img_2019-08-26_22-18-47_243.jpg,2
img_2019-08-26_22-18-47_244.jpg,2
img_2019-08-26_22-18-47_245.jpg,2
img_2019-08-26_22-18-47_246.jpg,2
img_2019-08-26_22-18-47_247.jpg,2
img_2019-08-26_22-18-47_248.jpg,2
img_2019-08-26_22-18-47_249.jpg,2
img_2019-08-26_22-18-47_250.jpg,2
img_2019-08-26_22-18-47_251.jpg,2
img_2019-08-26_22-18-47_252.jpg,2
img_2019-08-26_22-18-47_253.jpg,2
img_2019-08-26_22-18-47_254.jpg,2
img_2019-08-26_22-18-47_255.jpg,2
img_2019-08-26_22-18-47_256.jpg,2
img_2019-08-26_22-18-48_257.jpg,2
img_2019-08-26_22-18-48_258.jpg,2
img_2019-08-26_22-18-48_259.jpg,2
img_2019-08-26_22-18-48_260.jpg,2
img_2019-08-26_22-18-48_261.jpg,2
img_2019-08-26_22-18-48_262.jpg,2
img_2019-08-26_22-18-48_263.jpg,2
img_2019-08-26_22-18-48_264.jpg,2
img_2019-08-26_22-18-48_265.jpg,2
img_2019-08-26_22-18-48_266.jpg,2
img_2019-08-26_22-18-48_267.jpg,2
img_2019-08-26_22-18-48_268.jpg,2
img_2019-08-26_22-18-48_269.jpg,2
img_2019-08-26_22-18-48_270.jpg,2
img_2019-08-26_22-18-48_271.jpg,2
img_2019-08-26_22-18-48_272.jpg,2
img_2019-08-26_22-18-48_273.jpg,2
img_2019-08-26_22-18-48_274.jpg,2
img_2019-08-26_22-18-48_275.jpg,2
img_2019-08-26_22-18-48_276.jpg,2
img_2019-08-26_22-18-48_277.jpg,2
img_2019-08-26_22-18-48_278.jpg,2
img_2019-08-26_22-18-48_279.jpg,2
img_2019-08-26_22-18-48_280.jpg,2
img_2019-08-26_22-18-48_281.jpg,2
img_2019-08-26_22-18-48_282.jpg,2
img_2019-08-26_22-18-48_283.jpg,2
img_2019-08-26_22-18-48_284.jpg,2
img_2019-08-26_22-18-48_285.jpg,2
img_2019-08-26_22-18-48_286.jpg,2
img_2019-08-26_22-18-48_287.jpg,2
img_2019-08-26_22-18-49_288.jpg,2
img_2019-08-26_22-18-49_289.jpg,2
img_2019-08-26_22-18-49_290.jpg,2
img_2019-08-26_22-18-49_291.jpg,2
img_2019-08-26_22-18-49_292.jpg,2
img_2019-08-26_22-18-49_293.jpg,2
img_2019-08-26_22-18-49_294.jpg,2
img_2019-08-26_22-18-49_295.jpg,2
img_2019-08-26_22-18-49_296.jpg,2
img_2019-08-26_22-18-49_297.jpg,2
img_2019-08-26_22-18-49_298.jpg,2
img_2019-08-26_22-18-49_299.jpg,2
img_2019-08-26_22-18-49_300.jpg,2
img_2019-08-26_22-18-49_301.jpg,2
img_2019-08-26_22-18-49_302.jpg,2
img_2019-08-26_22-18-49_303.jpg,2
img_2019-08-26_22-18-49_304.jpg,2
img_2019-08-26_22-18-49_305.jpg,2
img_2019-08-26_22-18-49_306.jpg,2
img_2019-08-26_22-18-49_307.jpg,2
img_2019-08-26_22-18-49_308.jpg,2
img_2019-08-26_22-18-49_309.jpg,2
img_2019-08-26_22-18-49_310.jpg,2
img_2019-08-26_22-18-49_311.jpg,2
img_2019-08-26_22-18-49_312.jpg,2
img_2019-08-26_22-18-49_313.jpg,2
img_2019-08-26_22-18-49_314.jpg,2
img_2019-08-26_22-18-49_315.jpg,2
img_2019-08-26_22-18-49_316.jpg,2
img_2019-08-26_22-18-49_317.jpg,2
img_2019-08-26_22-18-50_318.jpg,2
img_2019-08-26_22-18-50_319.jpg,2
img_2019-08-26_22-18-50_320.jpg,2
img_2019-08-26_22-18-50_321.jpg,3
img_2019-08-26_22-18-50_322.jpg,3
img_2019-08-26_22-18-50_323.jpg,3
img_2019-08-26_22-18-50_324.jpg,3
img_2019-08-26_22-18-50_325.jpg,3
img_2019-08-26_22-18-50_326.jpg,3
img_2019-08-26_22-18-50_327.jpg,3
img_2019-08-26_22-18-50_328.jpg,3
img_2019-08-26_22-18-50_329.jpg,3
img_2019-08-26_22-18-50_330.jpg,3
img_2019-08-26_22-18-50_331.jpg,3
img_2019-08-26_22-18-50_332.jpg,3
img_2019-08-26_22-18-50_333.jpg,3
img_2019-08-26_22-18-50_334.jpg,3
img_2019-08-26_22-18-50_335.jpg,3
img_2019-08-26_22-18-50_336.jpg,3
img_2019-08-26_22-18-50_337.jpg,3
img_2019-08-26_22-18-50_338.jpg,3
img_2019-08-26_22-18-50_339.jpg,3
img_2019-08-26_22-18-50_340.jpg,3
img_2019-08-26_22-18-50_341.jpg,3
img_2019-08-26_22-18-50_342.jpg,3
img_2019-08-26_22-18-50_343.jpg,3
img_2019-08-26_22-18-50_344.jpg,3
img_2019-08-26_22-18-50_345.jpg,3
img_2019-08-26_22-18-50_346.jpg,3
img_2019-08-26_22-18-50_347.jpg,3
img_2019-08-26_22-18-51_348.jpg,3
img_2019-08-26_22-18-51_349.jpg,3
img_2019-08-26_22-18-51_350.jpg,3
img_2019-08-26_22-18-51_351.jpg,3
img_2019-08-26_22-18-51_352.jpg,3
img_2019-08-26_22-18-51_353.jpg,3
img_2019-08-26_22-18-51_354.jpg,3
img_2019-08-26_22-18-51_355.jpg,3
img_2019-08-26_22-18-51_356.jpg,3
img_2019-08-26_22-18-51_357.jpg,3
img_2019-08-26_22-18-51_358.jpg,3
img_2019-08-26_22-18-51_359.jpg,3
img_2019-08-26_22-18-51_360.jpg,3
img_2019-08-26_22-18-51_361.jpg,3
img_2019-08-26_22-18-51_362.jpg,3
img_2019-08-26_22-18-51_363.jpg,3
img_2019-08-26_22-18-51_364.jpg,3
img_2019-08-26_22-18-51_365.jpg,3
img_2019-08-26_22-18-51_366.jpg,3
img_2019-08-26_22-18-51_367.jpg,3
img_2019-08-26_22-18-51_368.jpg,3
img_2019-08-26_22-18-51_369.jpg,3
img_2019-08-26_22-18-51_370.jpg,3
img_2019-08-26_22-18-51_371.jpg,3
img_2019-08-26_22-18-51_372.jpg,3
img_2019-08-26_22-18-51_373.jpg,3
img_2019-08-26_22-18-51_374.jpg,3
img_2019-08-26_22-18-51_375.jpg,3
img_2019-08-26_22-18-51_376.jpg,3
img_2019-08-26_22-18-51_377.jpg,3
img_2019-08-26_22-18-51_378.jpg,3
img_2019-08-26_22-18-52_379.jpg,3
img_2019-08-26_22-18-52_380.jpg,3
img_2019-08-26_22-18-52_381.jpg,3
img_2019-08-26_22-18-52_382.jpg,3
img_2019-08-26_22-18-52_383.jpg,3
img_2019-08-26_22-18-52_384.jpg,3
img_2019-08-26_22-18-52_385.jpg,3
img_2019-08-26_22-18-52_386.jpg,3
img_2019-08-26_22-18-52_387.jpg,3
img_2019-08-26_22-18-52_388.jpg,2
img_2019-08-26_22-18-52_389.jpg,2
img_2019-08-26_22-18-52_390.jpg,2
img_2019-08-26_22-18-52_391.jpg,2
img_2019-08-26_22-18-52_392.jpg,2
img_2019-08-26_22-18-52_393.jpg,2
img_2019-08-26_22-18-52_394.jpg,2
img_2019-08-26_22-18-52_395.jpg,2
img_2019-08-26_22-18-52_396.jpg,2
img_2019-08-26_22-18-52_397.jpg,2
img_2019-08-26_22-18-52_398.jpg,2
img_2019-08-26_22-18-52_399.jpg,2
img_2019-08-26_22-18-52_400.jpg,2
img_2019-08-26_22-18-52_401.jpg,2
img_2019-08-26_22-18-52_402.jpg,3
img_2019-08-26_22-18-52_403.jpg,3
img_2019-08-26_22-18-52_404.jpg,3
img_2019-08-26_22-18-52_405.jpg,3
img_2019-08-26_22-18-52_406.jpg,3
img_2019-08-26_22-18-52_407.jpg,3
img_2019-08-26_22-18-52_408.jpg,3
img_2019-08-26_22-18-53_409.jpg,3
img_2019-08-26_22-18-53_410.jpg,3
img_2019-08-26_22-18-53_411.jpg,3
img_2019-08-26_22-18-53_412.jpg,3
img_2019-08-26_22-18-53_413.jpg,3
img_2019-08-26_22-18-53_414.jpg,2
img_2019-08-26_22-18-53_415.jpg,2
img_2019-08-26_22-18-53_416.jpg,2
img_2019-08-26_22-18-53_417.jpg,2
img_2019-08-26_22-18-53_418.jpg,2
img_2019-08-26_22-18-53_419.jpg,2
img_2019-08-26_22-18-53_420.jpg,2
img_2019-08-26_22-18-53_421.jpg,2
img_2019-08-26_22-18-53_422.jpg,2
img_2019-08-26_22-18-53_423.jpg,2
img_2019-08-26_22-18-53_424.jpg,2
img_2019-08-26_22-18-53_425.jpg,2
img_2019-08-26_22-18-53_426.jpg,2
img_2019-08-26_22-18-53_427.jpg,2
img_2019-08-26_22-18-53_428.jpg,2
img_2019-08-26_22-18-53_429.jpg,2
img_2019-08-26_22-18-53_430.jpg,2
img_2019-08-26_22-18-53_431.jpg,2
img_2019-08-26_22-18-53_432.jpg,2
img_2019-08-26_22-18-53_433.jpg,2
img_2019-08-26_22-18-53_434.jpg,2
img_2019-08-26_22-18-53_435.jpg,2
img_2019-08-26_22-18-53_436.jpg,2
img_2019-08-26_22-18-53_437.jpg,2
img_2019-08-26_22-18-53_438.jpg,2
img_2019-08-26_22-18-54_439.jpg,2
img_2019-08-26_22-19-07_0.jpg,2
img_2019-08-26_22-19-07_1.jpg,2
img_2019-08-26_22-19-07_2.jpg,2
img_2019-08-26_22-19-07_3.jpg,2
img_2019-08-26_22-19-07_4.jpg,2
img_2019-08-26_22-19-07_5.jpg,2
img_2019-08-26_22-19-07_6.jpg,2
img_2019-08-26_22-19-07_7.jpg,2
img_2019-08-26_22-19-07_8.jpg,2
img_2019-08-26_22-19-07_9.jpg,2
img_2019-08-26_22-19-07_10.jpg,2
img_2019-08-26_22-19-07_11.jpg,2
img_2019-08-26_22-19-07_12.jpg,2
img_2019-08-26_22-19-07_13.jpg,2
img_2019-08-26_22-19-07_14.jpg,2
img_2019-08-26_22-19-07_15.jpg,2
img_2019-08-26_22-19-07_16.jpg,2
img_2019-08-26_22-19-07_17.jpg,2
img_2019-08-26_22-19-07_18.jpg,2
img_2019-08-26_22-19-07_19.jpg,2
img_2019-08-26_22-19-07_20.jpg,2
img_2019-08-26_22-19-07_21.jpg,2
img_2019-08-26_22-19-07_22.jpg,2
img_2019-08-26_22-19-07_23.jpg,2
img_2019-08-26_22-19-07_24.jpg,2
img_2019-08-26_22-19-07_25.jpg,2
img_2019-08-26_22-19-07_26.jpg,2
img_2019-08-26_22-19-07_27.jpg,2
img_2019-08-26_22-19-07_28.jpg,2
img_2019-08-26_22-19-08_29.jpg,2
img_2019-08-26_22-19-08_30.jpg,2
img_2019-08-26_22-19-08_31.jpg,2
img_2019-08-26_22-19-08_32.jpg,2
img_2019-08-26_22-19-08_33.jpg,2
img_2019-08-26_22-19-08_34.jpg,2
img_2019-08-26_22-19-08_35.jpg,2
img_2019-08-26_22-19-08_36.jpg,2
img_2019-08-26_22-19-08_37.jpg,2
img_2019-08-26_22-19-08_38.jpg,2
img_2019-08-26_22-19-08_39.jpg,2
img_2019-08-26_22-19-08_40.jpg,2
img_2019-08-26_22-19-08_41.jpg,2
img_2019-08-26_22-19-08_42.jpg,2
img_2019-08-26_22-19-08_43.jpg,2
img_2019-08-26_22-19-08_44.jpg,2
img_2019-08-26_22-19-08_45.jpg,2
img_2019-08-26_22-19-08_46.jpg,2
img_2019-08-26_22-19-08_47.jpg,2
img_2019-08-26_22-19-08_48.jpg,2
img_2019-08-26_22-19-08_49.jpg,2
img_2019-08-26_22-19-08_50.jpg,2
img_2019-08-26_22-19-08_51.jpg,2
img_2019-08-26_22-19-08_52.jpg,2
img_2019-08-26_22-19-08_53.jpg,2
img_2019-08-26_22-19-08_54.jpg,2
img_2019-08-26_22-19-08_55.jpg,2
img_2019-08-26_22-19-08_56.jpg,2
img_2019-08-26_22-19-08_57.jpg,2
img_2019-08-26_22-19-08_58.jpg,2
img_2019-08-26_22-19-09_59.jpg,2
img_2019-08-26_22-19-09_60.jpg,2
img_2019-08-26_22-19-09_61.jpg,2
img_2019-08-26_22-19-09_62.jpg,2
img_2019-08-26_22-19-09_63.jpg,2
img_2019-08-26_22-19-09_64.jpg,2
img_2019-08-26_22-19-09_65.jpg,2
img_2019-08-26_22-19-09_66.jpg,2
img_2019-08-26_22-19-09_67.jpg,2
img_2019-08-26_22-19-09_68.jpg,2
img_2019-08-26_22-19-09_69.jpg,2
img_2019-08-26_22-19-09_70.jpg,2
img_2019-08-26_22-19-09_71.jpg,2
img_2019-08-26_22-19-09_72.jpg,2
img_2019-08-26_22-19-09_73.jpg,2
img_2019-08-26_22-19-09_74.jpg,2
img_2019-08-26_22-19-09_75.jpg,2
img_2019-08-26_22-19-09_76.jpg,2
img_2019-08-26_22-19-09_77.jpg,2
img_2019-08-26_22-19-09_78.jpg,2
img_2019-08-26_22-19-09_79.jpg,2
img_2019-08-26_22-19-09_80.jpg,2
img_2019-08-26_22-19-09_81.jpg,2
img_2019-08-26_22-19-09_82.jpg,2
img_2019-08-26_22-19-09_83.jpg,2
img_2019-08-26_22-19-09_84.jpg,2
img_2019-08-26_22-19-09_85.jpg,2
img_2019-08-26_22-19-09_86.jpg,2
img_2019-08-26_22-19-09_87.jpg,2
img_2019-08-26_22-19-09_88.jpg,2
img_2019-08-26_22-19-09_89.jpg,2
img_2019-08-26_22-19-10_90.jpg,2
img_2019-08-26_22-19-10_91.jpg,2
img_2019-08-26_22-19-10_92.jpg,2
img_2019-08-26_22-19-10_93.jpg,2
img_2019-08-26_22-19-10_94.jpg,2
img_2019-08-26_22-19-10_95.jpg,2
img_2019-08-26_22-19-10_96.jpg,2
img_2019-08-26_22-19-10_97.jpg,2
img_2019-08-26_22-19-10_98.jpg,2
img_2019-08-26_22-19-10_99.jpg,2
img_2019-08-26_22-19-10_100.jpg,2
img_2019-08-26_22-19-10_101.jpg,2
img_2019-08-26_22-19-10_102.jpg,2
img_2019-08-26_22-19-10_103.jpg,2
img_2019-08-26_22-19-10_104.jpg,2
img_2019-08-26_22-19-10_105.jpg,2
img_2019-08-26_22-19-10_106.jpg,2
img_2019-08-26_22-19-10_107.jpg,2
img_2019-08-26_22-19-10_108.jpg,2
img_2019-08-26_22-19-10_109.jpg,2
img_2019-08-26_22-19-10_110.jpg,2
img_2019-08-26_22-19-10_111.jpg,2
img_2019-08-26_22-19-10_112.jpg,2
img_2019-08-26_22-19-10_113.jpg,2
img_2019-08-26_22-19-10_114.jpg,2
img_2019-08-26_22-19-10_115.jpg,2
img_2019-08-26_22-19-10_116.jpg,2
img_2019-08-26_22-19-10_117.jpg,2
img_2019-08-26_22-19-10_118.jpg,2
img_2019-08-26_22-19-10_119.jpg,2
img_2019-08-26_22-19-11_120.jpg,1
img_2019-08-26_22-19-11_121.jpg,1
img_2019-08-26_22-19-11_122.jpg,1
img_2019-08-26_22-19-11_123.jpg,1
img_2019-08-26_22-19-11_124.jpg,1
img_2019-08-26_22-19-11_125.jpg,1
img_2019-08-26_22-19-11_126.jpg,1
img_2019-08-26_22-19-11_127.jpg,1
img_2019-08-26_22-19-11_128.jpg,1
img_2019-08-26_22-19-11_129.jpg,1
img_2019-08-26_22-19-11_130.jpg,1
img_2019-08-26_22-19-11_131.jpg,1
img_2019-08-26_22-19-11_132.jpg,1
img_2019-08-26_22-19-11_133.jpg,1
img_2019-08-26_22-19-11_134.jpg,1
img_2019-08-26_22-19-11_135.jpg,1
img_2019-08-26_22-19-11_136.jpg,1
img_2019-08-26_22-19-11_137.jpg,1
img_2019-08-26_22-19-11_138.jpg,1
img_2019-08-26_22-19-11_139.jpg,1
img_2019-08-26_22-19-11_140.jpg,1
img_2019-08-26_22-19-11_141.jpg,1
img_2019-08-26_22-19-11_142.jpg,1
img_2019-08-26_22-19-11_143.jpg,1
img_2019-08-26_22-19-11_144.jpg,1
img_2019-08-26_22-19-11_145.jpg,1
img_2019-08-26_22-19-11_146.jpg,1
img_2019-08-26_22-19-11_147.jpg,1
img_2019-08-26_22-19-11_148.jpg,1
img_2019-08-26_22-19-11_149.jpg,1
img_2019-08-26_22-19-12_150.jpg,1
img_2019-08-26_22-19-12_151.jpg,1
img_2019-08-26_22-19-12_152.jpg,1
img_2019-08-26_22-19-12_153.jpg,1
img_2019-08-26_22-19-12_154.jpg,1
img_2019-08-26_22-19-12_155.jpg,2
img_2019-08-26_22-19-12_156.jpg,2
img_2019-08-26_22-19-12_157.jpg,2
img_2019-08-26_22-19-12_158.jpg,2
img_2019-08-26_22-19-12_159.jpg,2
img_2019-08-26_22-19-12_160.jpg,2
img_2019-08-26_22-19-12_161.jpg,2
img_2019-08-26_22-19-12_162.jpg,2
img_2019-08-26_22-19-12_163.jpg,2
img_2019-08-26_22-19-12_164.jpg,1
img_2019-08-26_22-19-12_165.jpg,1
img_2019-08-26_22-19-12_166.jpg,1
img_2019-08-26_22-19-12_167.jpg,1
img_2019-08-26_22-19-12_168.jpg,1
img_2019-08-26_22-19-12_169.jpg,1
img_2019-08-26_22-19-12_170.jpg,1
img_2019-08-26_22-19-12_171.jpg,1
img_2019-08-26_22-19-12_172.jpg,1
img_2019-08-26_22-19-12_173.jpg,1
img_2019-08-26_22-19-12_174.jpg,1
img_2019-08-26_22-19-12_175.jpg,1
img_2019-08-26_22-19-12_176.jpg,1
img_2019-08-26_22-19-12_177.jpg,1
img_2019-08-26_22-19-12_178.jpg,1
img_2019-08-26_22-19-12_179.jpg,1
img_2019-08-26_22-19-12_180.jpg,1
img_2019-08-26_22-19-13_181.jpg,1
img_2019-08-26_22-19-13_182.jpg,1
img_2019-08-26_22-19-13_183.jpg,2
img_2019-08-26_22-19-13_184.jpg,2
img_2019-08-26_22-19-13_185.jpg,2
img_2019-08-26_22-19-13_186.jpg,2
img_2019-08-26_22-19-13_187.jpg,2
img_2019-08-26_22-19-13_188.jpg,2
img_2019-08-26_22-19-13_189.jpg,2
img_2019-08-26_22-19-13_190.jpg,2
img_2019-08-26_22-19-13_191.jpg,2
img_2019-08-26_22-19-13_192.jpg,2
img_2019-08-26_22-19-13_193.jpg,2
img_2019-08-26_22-19-13_194.jpg,2
img_2019-08-26_22-19-13_195.jpg,2
img_2019-08-26_22-19-13_196.jpg,2
img_2019-08-26_22-19-13_197.jpg,2
img_2019-08-26_22-19-13_198.jpg,2
img_2019-08-26_22-19-13_199.jpg,2
img_2019-08-26_22-19-13_200.jpg,2
img_2019-08-26_22-19-13_201.jpg,2
img_2019-08-26_22-19-13_202.jpg,2
img_2019-08-26_22-19-13_203.jpg,2
img_2019-08-26_22-19-13_204.jpg,2
img_2019-08-26_22-19-13_205.jpg,2
img_2019-08-26_22-19-13_206.jpg,2
img_2019-08-26_22-19-13_207.jpg,2
img_2019-08-26_22-19-13_208.jpg,2
img_2019-08-26_22-19-13_209.jpg,2
img_2019-08-26_22-19-13_210.jpg,2
img_2019-08-26_22-19-14_211.jpg,2
img_2019-08-26_22-19-14_212.jpg,2
img_2019-08-26_22-19-14_213.jpg,2
img_2019-08-26_22-19-14_214.jpg,2
img_2019-08-26_22-19-14_215.jpg,2
img_2019-08-26_22-19-14_216.jpg,2
img_2019-08-26_22-19-14_217.jpg,2
img_2019-08-26_22-19-14_218.jpg,2
img_2019-08-26_22-19-14_219.jpg,2
img_2019-08-26_22-19-14_220.jpg,2
img_2019-08-26_22-19-14_221.jpg,2
img_2019-08-26_22-19-14_222.jpg,2
img_2019-08-26_22-19-14_223.jpg,2
img_2019-08-26_22-19-14_224.jpg,2
img_2019-08-26_22-19-14_225.jpg,2
img_2019-08-26_22-19-14_226.jpg,2
img_2019-08-26_22-19-14_227.jpg,2
img_2019-08-26_22-19-14_228.jpg,2
img_2019-08-26_22-19-14_229.jpg,1
img_2019-08-26_22-19-14_230.jpg,1
img_2019-08-26_22-19-14_231.jpg,1
img_2019-08-26_22-19-14_232.jpg,1
img_2019-08-26_22-19-14_233.jpg,1
img_2019-08-26_22-19-14_234.jpg,1
img_2019-08-26_22-19-14_235.jpg,1
img_2019-08-26_22-19-14_236.jpg,1
img_2019-08-26_22-19-14_237.jpg,2
img_2019-08-26_22-19-14_238.jpg,2
img_2019-08-26_22-19-14_239.jpg,2
img_2019-08-26_22-19-14_240.jpg,2
img_2019-08-26_22-19-15_241.jpg,2
img_2019-08-26_22-19-15_242.jpg,2
img_2019-08-26_22-19-15_243.jpg,2
img_2019-08-26_22-19-15_244.jpg,2
img_2019-08-26_22-19-15_245.jpg,2
img_2019-08-26_22-19-15_246.jpg,2
img_2019-08-26_22-19-15_247.jpg,2
img_2019-08-26_22-19-15_248.jpg,2
img_2019-08-26_22-19-15_249.jpg,2
img_2019-08-26_22-19-15_250.jpg,2
img_2019-08-26_22-19-15_251.jpg,2
img_2019-08-26_22-19-15_252.jpg,2
img_2019-08-26_22-19-15_253.jpg,2
img_2019-08-26_22-19-15_254.jpg,2
img_2019-08-26_22-19-15_255.jpg,2
img_2019-08-26_22-19-15_256.jpg,2
img_2019-08-26_22-19-15_257.jpg,2
img_2019-08-26_22-19-15_258.jpg,2
img_2019-08-26_22-19-15_259.jpg,2
img_2019-08-26_22-19-15_260.jpg,2
img_2019-08-26_22-19-15_261.jpg,2
img_2019-08-26_22-19-15_262.jpg,2
img_2019-08-26_22-19-15_263.jpg,2
img_2019-08-26_22-19-15_264.jpg,2
img_2019-08-26_22-19-15_265.jpg,2
img_2019-08-26_22-19-15_266.jpg,2
img_2019-08-26_22-19-15_267.jpg,2
img_2019-08-26_22-19-15_268.jpg,2
img_2019-08-26_22-19-15_269.jpg,2
img_2019-08-26_22-19-15_270.jpg,2
img_2019-08-26_22-19-16_271.jpg,2
img_2019-08-26_22-19-16_272.jpg,2
img_2019-08-26_22-19-16_273.jpg,2
img_2019-08-26_22-19-16_274.jpg,2
img_2019-08-26_22-19-16_275.jpg,2
img_2019-08-26_22-19-16_276.jpg,2
img_2019-08-26_22-19-16_277.jpg,2
img_2019-08-26_22-19-16_278.jpg,2
img_2019-08-26_22-19-16_279.jpg,2
img_2019-08-26_22-19-16_280.jpg,2
img_2019-08-26_22-19-16_281.jpg,2
img_2019-08-26_22-19-16_282.jpg,2
img_2019-08-26_22-19-16_283.jpg,2
img_2019-08-26_22-19-16_284.jpg,2
img_2019-08-26_22-19-16_285.jpg,2
img_2019-08-26_22-19-16_286.jpg,2
img_2019-08-26_22-19-16_287.jpg,2
img_2019-08-26_22-19-16_288.jpg,2
img_2019-08-26_22-19-16_289.jpg,2
img_2019-08-26_22-19-16_290.jpg,2
img_2019-08-26_22-19-16_291.jpg,2
img_2019-08-26_22-19-16_292.jpg,2
img_2019-08-26_22-19-16_293.jpg,2
img_2019-08-26_22-19-16_294.jpg,2
img_2019-08-26_22-19-16_295.jpg,2
img_2019-08-26_22-19-16_296.jpg,2
img_2019-08-26_22-19-16_297.jpg,2
img_2019-08-26_22-19-16_298.jpg,2
img_2019-08-26_22-19-16_299.jpg,2
img_2019-08-26_22-19-16_300.jpg,2
img_2019-08-26_22-19-16_301.jpg,2
img_2019-08-26_22-19-17_302.jpg,2
img_2019-08-26_22-19-17_303.jpg,2
img_2019-08-26_22-19-17_304.jpg,2
img_2019-08-26_22-19-17_305.jpg,2
img_2019-08-26_22-19-17_306.jpg,2
img_2019-08-26_22-19-17_307.jpg,2
img_2019-08-26_22-19-17_308.jpg,2
img_2019-08-26_22-19-17_309.jpg,2
img_2019-08-26_22-19-17_310.jpg,2
img_2019-08-26_22-19-17_311.jpg,2
img_2019-08-26_22-19-17_312.jpg,2
img_2019-08-26_22-19-17_313.jpg,2
img_2019-08-26_22-19-17_314.jpg,2
img_2019-08-26_22-19-17_315.jpg,2
img_2019-08-26_22-19-17_316.jpg,2
img_2019-08-26_22-19-17_317.jpg,2
img_2019-08-26_22-19-17_318.jpg,2
img_2019-08-26_22-19-17_319.jpg,2
img_2019-08-26_22-19-17_320.jpg,2
img_2019-08-26_22-19-17_321.jpg,2
img_2019-08-26_22-19-17_322.jpg,2
img_2019-08-26_22-19-17_323.jpg,2
img_2019-08-26_22-19-17_324.jpg,2
img_2019-08-26_22-19-17_325.jpg,2
img_2019-08-26_22-19-17_326.jpg,2
img_2019-08-26_22-19-17_327.jpg,2
img_2019-08-26_22-19-17_328.jpg,2
img_2019-08-26_22-19-17_329.jpg,2
img_2019-08-26_22-19-17_330.jpg,2
img_2019-08-26_22-19-17_331.jpg,2
img_2019-08-26_22-19-18_332.jpg,2
img_2019-08-26_22-19-18_333.jpg,2
img_2019-08-26_22-19-18_334.jpg,2
img_2019-08-26_22-19-18_335.jpg,2
img_2019-08-26_22-19-18_336.jpg,2
img_2019-08-26_22-19-18_337.jpg,2
img_2019-08-26_22-19-18_338.jpg,2
img_2019-08-26_22-19-18_339.jpg,2
img_2019-08-26_22-19-18_340.jpg,2
img_2019-08-26_22-19-18_341.jpg,2
img_2019-08-26_22-19-18_342.jpg,2
img_2019-08-26_22-19-18_343.jpg,2
img_2019-08-26_22-19-18_344.jpg,2
img_2019-08-26_22-19-18_345.jpg,2
img_2019-08-26_22-19-18_346.jpg,2
img_2019-08-26_22-19-18_347.jpg,2
img_2019-08-26_22-19-18_348.jpg,2
img_2019-08-26_22-19-18_349.jpg,2
img_2019-08-26_22-19-18_350.jpg,2
img_2019-08-26_22-19-18_351.jpg,2
img_2019-08-26_22-19-18_352.jpg,2
img_2019-08-26_22-19-18_353.jpg,2
img_2019-08-26_22-19-18_354.jpg,2
img_2019-08-26_22-19-18_355.jpg,2
img_2019-08-26_22-19-18_356.jpg,2
img_2019-08-26_22-19-18_357.jpg,2
img_2019-08-26_22-19-18_358.jpg,2
img_2019-08-26_22-19-18_359.jpg,2
img_2019-08-26_22-19-18_360.jpg,1
img_2019-08-26_22-19-18_361.jpg,1
img_2019-08-26_22-19-19_362.jpg,1
img_2019-08-26_22-19-19_363.jpg,1
img_2019-08-26_22-19-19_364.jpg,1
img_2019-08-26_22-19-19_365.jpg,1
img_2019-08-26_22-19-19_366.jpg,1
img_2019-08-26_22-19-19_367.jpg,1
img_2019-08-26_22-19-19_368.jpg,1
img_2019-08-26_22-19-19_369.jpg,1
img_2019-08-26_22-19-19_370.jpg,1
img_2019-08-26_22-19-19_371.jpg,1
img_2019-08-26_22-19-19_372.jpg,1
img_2019-08-26_22-19-19_373.jpg,1
img_2019-08-26_22-19-19_374.jpg,1
img_2019-08-26_22-19-19_375.jpg,1
img_2019-08-26_22-19-19_376.jpg,1
img_2019-08-26_22-19-19_377.jpg,1
img_2019-08-26_22-19-19_378.jpg,1
img_2019-08-26_22-19-19_379.jpg,1
img_2019-08-26_22-19-19_380.jpg,1
img_2019-08-26_22-19-19_381.jpg,1
img_2019-08-26_22-19-19_382.jpg,1
img_2019-08-26_22-19-19_383.jpg,1
img_2019-08-26_22-19-19_384.jpg,1
img_2019-08-26_22-19-19_385.jpg,1
img_2019-08-26_22-19-19_386.jpg,1
img_2019-08-26_22-19-19_387.jpg,1
img_2019-08-26_22-19-19_388.jpg,1
img_2019-08-26_22-19-19_389.jpg,1
img_2019-08-26_22-19-19_390.jpg,1
img_2019-08-26_22-19-19_391.jpg,1
img_2019-08-26_22-19-19_392.jpg,1
img_2019-08-26_22-19-20_393.jpg,1
img_2019-08-26_22-19-20_394.jpg,1
img_2019-08-26_22-19-20_395.jpg,1
img_2019-08-26_22-19-20_396.jpg,1
img_2019-08-26_22-19-20_397.jpg,1
img_2019-08-26_22-19-20_398.jpg,1
img_2019-08-26_22-19-20_399.jpg,1
img_2019-08-26_22-19-20_400.jpg,1
img_2019-08-26_22-19-20_401.jpg,1
img_2019-08-26_22-19-20_402.jpg,1
img_2019-08-26_22-19-20_403.jpg,1
img_2019-08-26_22-19-20_404.jpg,1
img_2019-08-26_22-19-20_405.jpg,1
img_2019-08-26_22-19-20_406.jpg,1
img_2019-08-26_22-19-20_407.jpg,1
img_2019-08-26_22-19-20_408.jpg,1
img_2019-08-26_22-19-20_409.jpg,1
img_2019-08-26_22-19-20_410.jpg,1
img_2019-08-26_22-19-20_411.jpg,1
img_2019-08-26_22-19-20_412.jpg,1
img_2019-08-26_22-19-20_413.jpg,1
img_2019-08-26_22-19-20_414.jpg,1
img_2019-08-26_22-19-20_415.jpg,1
img_2019-08-26_22-19-20_416.jpg,1
img_2019-08-26_22-19-20_417.jpg,1
img_2019-08-26_22-19-20_418.jpg,1
img_2019-08-26_22-19-20_419.jpg,1
img_2019-08-26_22-19-20_420.jpg,1
img_2019-08-26_22-19-20_421.jpg,1
img_2019-08-26_22-19-20_422.jpg,1
img_2019-08-26_22-19-21_423.jpg,1
img_2019-08-26_22-19-21_424.jpg,1
img_2019-08-26_22-19-21_425.jpg,1
img_2019-08-26_22-19-21_426.jpg,1
img_2019-08-26_22-19-21_427.jpg,1
img_2019-08-26_22-19-21_428.jpg,1
img_2019-08-26_22-19-21_429.jpg,1
img_2019-08-26_22-19-21_430.jpg,1
img_2019-08-26_22-19-21_431.jpg,1
img_2019-08-26_22-19-21_432.jpg,1
img_2019-08-26_22-19-21_433.jpg,1
img_2019-08-26_22-19-21_434.jpg,1
img_2019-08-26_22-19-21_435.jpg,1
img_2019-08-26_22-19-21_436.jpg,1
img_2019-08-26_22-19-21_437.jpg,1
img_2019-08-26_22-19-21_438.jpg,1
img_2019-08-26_22-19-21_439.jpg,1
img_2019-08-26_22-19-21_440.jpg,1
img_2019-08-26_22-19-21_441.jpg,1
img_2019-08-26_22-19-21_442.jpg,2
img_2019-08-26_22-19-21_443.jpg,2
img_2019-08-26_22-19-21_444.jpg,2
img_2019-08-26_22-19-21_445.jpg,2
img_2019-08-26_22-19-21_446.jpg,2
img_2019-08-26_22-19-21_447.jpg,2
img_2019-08-26_22-19-21_448.jpg,2
img_2019-08-26_22-19-21_449.jpg,2
img_2019-08-26_22-19-21_450.jpg,2
img_2019-08-26_22-19-21_451.jpg,2
img_2019-08-26_22-19-21_452.jpg,2
img_2019-08-26_22-19-22_453.jpg,2
img_2019-08-26_22-19-22_454.jpg,1
img_2019-08-26_22-19-22_455.jpg,1
img_2019-08-26_22-19-22_456.jpg,1
img_2019-08-26_22-19-22_457.jpg,1
img_2019-08-26_22-19-22_458.jpg,1
img_2019-08-26_22-19-22_459.jpg,1
img_2019-08-26_22-19-22_460.jpg,1
img_2019-08-26_22-19-22_461.jpg,1
img_2019-08-26_22-19-22_462.jpg,1
img_2019-08-26_22-19-22_463.jpg,1
img_2019-08-26_22-19-22_464.jpg,1
img_2019-08-26_22-19-22_465.jpg,1
img_2019-08-26_22-19-22_466.jpg,2
img_2019-08-26_22-19-22_467.jpg,2
img_2019-08-26_22-19-22_468.jpg,2
img_2019-08-26_22-19-22_469.jpg,2
img_2019-08-26_22-19-22_470.jpg,2
img_2019-08-26_22-19-22_471.jpg,2
img_2019-08-26_22-19-22_472.jpg,2
img_2019-08-26_22-19-22_473.jpg,2
img_2019-08-26_22-19-22_474.jpg,2
img_2019-08-26_22-19-22_475.jpg,2
img_2019-08-26_22-19-22_476.jpg,2
img_2019-08-26_22-19-22_477.jpg,2
img_2019-08-26_22-19-22_478.jpg,2
img_2019-08-26_22-19-22_479.jpg,2
img_2019-08-26_22-19-22_480.jpg,2
img_2019-08-26_22-19-22_481.jpg,2
img_2019-08-26_22-19-22_482.jpg,2
img_2019-08-26_22-19-22_483.jpg,2
img_2019-08-26_22-19-23_484.jpg,2
img_2019-08-26_22-19-23_485.jpg,2
img_2019-08-26_22-19-23_486.jpg,2
img_2019-08-26_22-19-23_487.jpg,2
img_2019-08-26_22-19-23_488.jpg,2
img_2019-08-26_22-19-23_489.jpg,2
img_2019-08-26_22-19-23_490.jpg,2
img_2019-08-26_22-19-23_491.jpg,2
img_2019-08-26_22-19-52_0.jpg,2
img_2019-08-26_22-19-52_1.jpg,2
img_2019-08-26_22-19-52_2.jpg,2
img_2019-08-26_22-19-52_3.jpg,2
img_2019-08-26_22-19-52_4.jpg,2
img_2019-08-26_22-19-52_5.jpg,2
img_2019-08-26_22-19-52_6.jpg,2
img_2019-08-26_22-19-52_7.jpg,2
img_2019-08-26_22-19-52_8.jpg,2
img_2019-08-26_22-19-52_9.jpg,2
img_2019-08-26_22-19-52_10.jpg,2
img_2019-08-26_22-19-52_11.jpg,2
img_2019-08-26_22-19-52_12.jpg,2
img_2019-08-26_22-19-52_13.jpg,2
img_2019-08-26_22-19-52_14.jpg,2
img_2019-08-26_22-19-52_15.jpg,2
img_2019-08-26_22-19-52_16.jpg,2
img_2019-08-26_22-19-52_17.jpg,2
img_2019-08-26_22-19-52_18.jpg,2
img_2019-08-26_22-19-52_19.jpg,2
img_2019-08-26_22-19-52_20.jpg,2
img_2019-08-26_22-19-52_21.jpg,2
img_2019-08-26_22-19-53_22.jpg,2
img_2019-08-26_22-19-53_23.jpg,2
img_2019-08-26_22-19-53_24.jpg,2
img_2019-08-26_22-19-53_25.jpg,2
img_2019-08-26_22-19-53_26.jpg,2
img_2019-08-26_22-19-53_27.jpg,2
img_2019-08-26_22-19-53_28.jpg,2
img_2019-08-26_22-19-53_29.jpg,2
img_2019-08-26_22-19-53_30.jpg,2
img_2019-08-26_22-19-53_31.jpg,2
img_2019-08-26_22-19-53_32.jpg,2
img_2019-08-26_22-19-53_33.jpg,2
img_2019-08-26_22-19-53_34.jpg,2
img_2019-08-26_22-19-53_35.jpg,2
img_2019-08-26_22-19-53_36.jpg,2
img_2019-08-26_22-19-53_37.jpg,2
img_2019-08-26_22-19-53_38.jpg,2
img_2019-08-26_22-19-53_39.jpg,2
img_2019-08-26_22-19-53_40.jpg,2
img_2019-08-26_22-19-53_41.jpg,2
img_2019-08-26_22-19-53_42.jpg,2
img_2019-08-26_22-19-53_43.jpg,2
img_2019-08-26_22-19-53_44.jpg,2
img_2019-08-26_22-19-53_45.jpg,2
img_2019-08-26_22-19-53_46.jpg,2
img_2019-08-26_22-19-53_47.jpg,2
img_2019-08-26_22-19-53_48.jpg,2
img_2019-08-26_22-19-53_49.jpg,2
img_2019-08-26_22-19-53_50.jpg,2
img_2019-08-26_22-19-53_51.jpg,2
img_2019-08-26_22-19-54_52.jpg,2
img_2019-08-26_22-19-54_53.jpg,2
img_2019-08-26_22-19-54_54.jpg,2
img_2019-08-26_22-19-54_55.jpg,2
img_2019-08-26_22-19-54_56.jpg,2
img_2019-08-26_22-19-54_57.jpg,2
img_2019-08-26_22-19-54_58.jpg,2
img_2019-08-26_22-19-54_59.jpg,3
img_2019-08-26_22-19-54_60.jpg,3
img_2019-08-26_22-19-54_61.jpg,3
img_2019-08-26_22-19-54_62.jpg,3
img_2019-08-26_22-19-54_63.jpg,3
img_2019-08-26_22-19-54_64.jpg,3
img_2019-08-26_22-19-54_65.jpg,3
img_2019-08-26_22-19-54_66.jpg,3
img_2019-08-26_22-19-54_67.jpg,3
img_2019-08-26_22-19-54_68.jpg,3
img_2019-08-26_22-19-54_69.jpg,3
img_2019-08-26_22-19-54_70.jpg,3
img_2019-08-26_22-19-54_71.jpg,3
img_2019-08-26_22-19-54_72.jpg,3
img_2019-08-26_22-19-54_73.jpg,3
img_2019-08-26_22-19-54_74.jpg,3
img_2019-08-26_22-19-54_75.jpg,3
img_2019-08-26_22-19-54_76.jpg,3
img_2019-08-26_22-19-54_77.jpg,3
img_2019-08-26_22-19-54_78.jpg,3
img_2019-08-26_22-19-54_79.jpg,3
img_2019-08-26_22-19-54_80.jpg,3
img_2019-08-26_22-19-54_81.jpg,3
img_2019-08-26_22-19-55_82.jpg,3
img_2019-08-26_22-19-55_83.jpg,3
img_2019-08-26_22-19-55_84.jpg,3
img_2019-08-26_22-19-55_85.jpg,3
img_2019-08-26_22-19-55_86.jpg,3
img_2019-08-26_22-19-55_87.jpg,3
img_2019-08-26_22-19-55_88.jpg,3
img_2019-08-26_22-19-55_89.jpg,3
img_2019-08-26_22-19-55_90.jpg,3
img_2019-08-26_22-19-55_91.jpg,3
img_2019-08-26_22-19-55_92.jpg,3
img_2019-08-26_22-19-55_93.jpg,3
img_2019-08-26_22-19-55_94.jpg,3
img_2019-08-26_22-19-55_95.jpg,3
img_2019-08-26_22-19-55_96.jpg,3
img_2019-08-26_22-19-55_97.jpg,3
img_2019-08-26_22-19-55_98.jpg,3
img_2019-08-26_22-19-55_99.jpg,3
img_2019-08-26_22-19-55_100.jpg,3
img_2019-08-26_22-19-55_101.jpg,3
img_2019-08-26_22-19-55_102.jpg,3
img_2019-08-26_22-19-55_103.jpg,3
img_2019-08-26_22-19-55_104.jpg,3
img_2019-08-26_22-19-55_105.jpg,3
img_2019-08-26_22-19-55_106.jpg,3
img_2019-08-26_22-19-55_107.jpg,3
img_2019-08-26_22-19-55_108.jpg,3
img_2019-08-26_22-19-55_109.jpg,3
img_2019-08-26_22-19-55_110.jpg,3
img_2019-08-26_22-19-55_111.jpg,3
img_2019-08-26_22-19-55_112.jpg,3
img_2019-08-26_22-19-56_113.jpg,3
img_2019-08-26_22-19-56_114.jpg,3
img_2019-08-26_22-19-56_115.jpg,3
img_2019-08-26_22-19-56_116.jpg,3
img_2019-08-26_22-19-56_117.jpg,3
img_2019-08-26_22-19-56_118.jpg,3
img_2019-08-26_22-19-56_119.jpg,3
img_2019-08-26_22-19-56_120.jpg,3
img_2019-08-26_22-19-56_121.jpg,3
img_2019-08-26_22-19-56_122.jpg,3
img_2019-08-26_22-19-56_123.jpg,3
img_2019-08-26_22-19-56_124.jpg,3
img_2019-08-26_22-19-56_125.jpg,3
img_2019-08-26_22-19-56_126.jpg,3
img_2019-08-26_22-19-56_127.jpg,3
img_2019-08-26_22-19-56_128.jpg,3
img_2019-08-26_22-19-56_129.jpg,3
img_2019-08-26_22-19-56_130.jpg,3
img_2019-08-26_22-19-56_131.jpg,3
img_2019-08-26_22-19-56_132.jpg,3
img_2019-08-26_22-19-56_133.jpg,3
img_2019-08-26_22-19-56_134.jpg,3
img_2019-08-26_22-19-56_135.jpg,3
img_2019-08-26_22-19-56_136.jpg,3
img_2019-08-26_22-19-56_137.jpg,3
img_2019-08-26_22-19-56_138.jpg,3
img_2019-08-26_22-19-56_139.jpg,3
img_2019-08-26_22-19-56_140.jpg,3
img_2019-08-26_22-19-56_141.jpg,3
img_2019-08-26_22-19-56_142.jpg,3
img_2019-08-26_22-19-57_143.jpg,3
img_2019-08-26_22-19-57_144.jpg,3
img_2019-08-26_22-19-57_145.jpg,3
img_2019-08-26_22-19-57_146.jpg,3
img_2019-08-26_22-19-57_147.jpg,3
img_2019-08-26_22-19-57_148.jpg,3
img_2019-08-26_22-19-57_149.jpg,3
img_2019-08-26_22-19-57_150.jpg,3
img_2019-08-26_22-19-57_151.jpg,3
img_2019-08-26_22-19-57_152.jpg,3
img_2019-08-26_22-19-57_153.jpg,3
img_2019-08-26_22-19-57_154.jpg,3
img_2019-08-26_22-19-57_155.jpg,2
img_2019-08-26_22-19-57_156.jpg,2
img_2019-08-26_22-19-57_157.jpg,2
img_2019-08-26_22-19-57_158.jpg,2
img_2019-08-26_22-19-57_159.jpg,2
img_2019-08-26_22-19-57_160.jpg,2
img_2019-08-26_22-19-57_161.jpg,2
img_2019-08-26_22-19-57_162.jpg,2
img_2019-08-26_22-19-57_163.jpg,2
img_2019-08-26_22-19-57_164.jpg,2
img_2019-08-26_22-19-57_165.jpg,3
img_2019-08-26_22-19-57_166.jpg,3
img_2019-08-26_22-19-57_167.jpg,3
img_2019-08-26_22-19-57_168.jpg,3
img_2019-08-26_22-19-57_169.jpg,3
img_2019-08-26_22-19-57_170.jpg,3
img_2019-08-26_22-19-57_171.jpg,3
img_2019-08-26_22-19-57_172.jpg,3
img_2019-08-26_22-19-58_173.jpg,3
img_2019-08-26_22-19-58_174.jpg,3
img_2019-08-26_22-19-58_175.jpg,3
img_2019-08-26_22-19-58_176.jpg,3
img_2019-08-26_22-19-58_177.jpg,3
img_2019-08-26_22-19-58_178.jpg,3
img_2019-08-26_22-19-58_179.jpg,3
img_2019-08-26_22-19-58_180.jpg,3
img_2019-08-26_22-19-58_181.jpg,3
img_2019-08-26_22-19-58_182.jpg,3
img_2019-08-26_22-19-58_183.jpg,3
img_2019-08-26_22-19-58_184.jpg,2
img_2019-08-26_22-19-58_185.jpg,2
img_2019-08-26_22-19-58_186.jpg,2
img_2019-08-26_22-19-58_187.jpg,2
img_2019-08-26_22-19-58_188.jpg,2
img_2019-08-26_22-19-58_189.jpg,2
img_2019-08-26_22-19-58_190.jpg,2
img_2019-08-26_22-19-58_191.jpg,2
img_2019-08-26_22-19-58_192.jpg,2
img_2019-08-26_22-19-58_193.jpg,2
img_2019-08-26_22-19-58_194.jpg,2
img_2019-08-26_22-19-58_195.jpg,2
img_2019-08-26_22-19-58_196.jpg,2
img_2019-08-26_22-19-58_197.jpg,2
img_2019-08-26_22-19-58_198.jpg,2
img_2019-08-26_22-19-58_199.jpg,2
img_2019-08-26_22-19-58_200.jpg,2
img_2019-08-26_22-19-58_201.jpg,2
img_2019-08-26_22-19-58_202.jpg,2
img_2019-08-26_22-19-58_203.jpg,2
img_2019-08-26_22-19-59_204.jpg,2
img_2019-08-26_22-19-59_205.jpg,2
img_2019-08-26_22-19-59_206.jpg,3
img_2019-08-26_22-19-59_207.jpg,3
img_2019-08-26_22-19-59_208.jpg,3
img_2019-08-26_22-19-59_209.jpg,3
img_2019-08-26_22-19-59_210.jpg,3
img_2019-08-26_22-19-59_211.jpg,3
img_2019-08-26_22-19-59_212.jpg,3
img_2019-08-26_22-19-59_213.jpg,2
img_2019-08-26_22-19-59_214.jpg,2
img_2019-08-26_22-19-59_215.jpg,2
img_2019-08-26_22-19-59_216.jpg,2
img_2019-08-26_22-19-59_217.jpg,2
img_2019-08-26_22-19-59_218.jpg,2
img_2019-08-26_22-19-59_219.jpg,2
img_2019-08-26_22-19-59_220.jpg,2
img_2019-08-26_22-19-59_221.jpg,2
img_2019-08-26_22-19-59_222.jpg,2
img_2019-08-26_22-19-59_223.jpg,2
img_2019-08-26_22-19-59_224.jpg,2
img_2019-08-26_22-19-59_225.jpg,2
img_2019-08-26_22-19-59_226.jpg,2
img_2019-08-26_22-19-59_227.jpg,2
img_2019-08-26_22-19-59_228.jpg,2
img_2019-08-26_22-19-59_229.jpg,2
img_2019-08-26_22-19-59_230.jpg,2
img_2019-08-26_22-19-59_231.jpg,2
img_2019-08-26_22-19-59_232.jpg,2
img_2019-08-26_22-19-59_233.jpg,2
img_2019-08-26_22-20-00_234.jpg,2
img_2019-08-26_22-20-00_235.jpg,2
img_2019-08-26_22-20-00_236.jpg,2
img_2019-08-26_22-20-00_237.jpg,2
img_2019-08-26_22-20-05_238.jpg,2
img_2019-08-26_22-20-05_239.jpg,3
img_2019-08-26_22-20-05_240.jpg,3
img_2019-08-26_22-20-05_241.jpg,3
img_2019-08-26_22-20-05_242.jpg,3
img_2019-08-26_22-20-05_243.jpg,3
img_2019-08-26_22-20-05_244.jpg,3
img_2019-08-26_22-20-05_245.jpg,3
img_2019-08-26_22-20-05_246.jpg,3
img_2019-08-26_22-20-05_247.jpg,2
img_2019-08-26_22-20-05_248.jpg,3
img_2019-08-26_22-20-05_249.jpg,3
img_2019-08-26_22-20-05_250.jpg,3
img_2019-08-26_22-20-05_251.jpg,3
img_2019-08-26_22-20-05_252.jpg,3
img_2019-08-26_22-20-05_253.jpg,3
img_2019-08-26_22-20-05_254.jpg,2
img_2019-08-26_22-20-05_255.jpg,3
img_2019-08-26_22-20-05_256.jpg,2
img_2019-08-26_22-20-05_257.jpg,3
img_2019-08-26_22-20-05_258.jpg,2
img_2019-08-26_22-20-05_259.jpg,2
img_2019-08-26_22-20-05_260.jpg,2
img_2019-08-26_22-20-05_261.jpg,2
img_2019-08-26_22-20-05_262.jpg,2
img_2019-08-26_22-20-05_263.jpg,2
img_2019-08-26_22-20-05_264.jpg,2
img_2019-08-26_22-20-05_265.jpg,2
img_2019-08-26_22-20-05_266.jpg,2
img_2019-08-26_22-20-05_267.jpg,2
img_2019-08-26_22-20-05_268.jpg,2
img_2019-08-26_22-20-06_269.jpg,2
img_2019-08-26_22-20-06_270.jpg,2
img_2019-08-26_22-20-06_271.jpg,2
img_2019-08-26_22-20-06_272.jpg,2
img_2019-08-26_22-20-06_273.jpg,2
img_2019-08-26_22-20-06_274.jpg,2
img_2019-08-26_22-20-06_275.jpg,2
img_2019-08-26_22-20-06_276.jpg,2
img_2019-08-26_22-20-06_277.jpg,2
img_2019-08-26_22-20-06_278.jpg,2
img_2019-08-26_22-20-06_279.jpg,2
img_2019-08-26_22-20-06_280.jpg,2
img_2019-08-26_22-20-06_281.jpg,2
img_2019-08-26_22-20-06_282.jpg,2
img_2019-08-26_22-20-06_283.jpg,2
img_2019-08-26_22-20-06_284.jpg,2
img_2019-08-26_22-20-06_285.jpg,2
img_2019-08-26_22-20-06_286.jpg,2
img_2019-08-26_22-20-06_287.jpg,2
img_2019-08-26_22-20-06_288.jpg,2
img_2019-08-26_22-20-06_289.jpg,2
img_2019-08-26_22-20-06_290.jpg,2
img_2019-08-26_22-20-06_291.jpg,2
img_2019-08-26_22-20-06_292.jpg,2
img_2019-08-26_22-20-06_293.jpg,2
img_2019-08-26_22-20-06_294.jpg,2
img_2019-08-26_22-20-06_295.jpg,2
img_2019-08-26_22-20-06_296.jpg,2
img_2019-08-26_22-20-06_297.jpg,2
img_2019-08-26_22-20-06_298.jpg,2
img_2019-08-26_22-20-07_299.jpg,2
img_2019-08-26_22-20-07_300.jpg,2
img_2019-08-26_22-20-07_301.jpg,2
img_2019-08-26_22-20-07_302.jpg,2
img_2019-08-26_22-20-07_303.jpg,2
img_2019-08-26_22-20-07_304.jpg,2
img_2019-08-26_22-20-07_305.jpg,2
img_2019-08-26_22-20-07_306.jpg,2
img_2019-08-26_22-20-07_307.jpg,2
img_2019-08-26_22-20-07_308.jpg,2
img_2019-08-26_22-20-07_309.jpg,2
img_2019-08-26_22-20-07_310.jpg,2
img_2019-08-26_22-20-07_311.jpg,2
img_2019-08-26_22-20-07_312.jpg,2
img_2019-08-26_22-20-07_313.jpg,2
img_2019-08-26_22-20-07_314.jpg,2
img_2019-08-26_22-20-07_315.jpg,2
img_2019-08-26_22-20-07_316.jpg,2
img_2019-08-26_22-20-07_317.jpg,2
img_2019-08-26_22-20-07_318.jpg,2
img_2019-08-26_22-20-07_319.jpg,2
img_2019-08-26_22-20-07_320.jpg,2
img_2019-08-26_22-20-07_321.jpg,2
img_2019-08-26_22-20-07_322.jpg,2
